name,account,token_mint_A,token_account_A,token_mint_B,token_account_B
SOL/USDC[aquafarm],EGZ7tiLeH62TPV1gL8WwbXGzEPa9zmcpVnnkPKKnrE2U,So11111111111111111111111111111111111111112,ANP74VNsHwSrq9uUSjiSNyNWvf6ZPrKTmE4gHoNd13Lg,EPjFWdd5AufqSSqeM2qN1xzybapC8G4wEGGkZwyTDt1v,75HgnSvXbWKZBpZHveX68ZzAhDqMzNDS29X6BGLtxMo1
SOL/USDT[aquafarm],Dqk7mHQBx2ZWExmyrR2S8X6UG75CrbbpK2FSBZsNYsw6,So11111111111111111111111111111111111111112,DTb8NKsfhEJGY1TrA7RXN6MBiTrjnkdMAfjPEjtmTT3M,Es9vMFrzaCERmJfrF4H2FYD4KCoNkY11McCe8BenwNYB,E8erPjPEorykpPjFV9yUYMYigEWKQUxuGfL2rJKLJ3KU
ETH/SOL[aquafarm],EuK3xDa4rWuHeMQCBsHf1ETZNiEQb5C476oE9u9kp8Ji,2FPyTwcZLUg1MDrwsyoP4D6s1tM7hAkHYRjkNb5w6Pxk,7F2cLdio3i6CCJaypj9VfNDPW2DwT3vkDmZJDEfmxu6A,So11111111111111111111111111111111111111112,5pUTGvN2AA2BEzBDU4CNDh3LHER15WS6J8oJf5XeZFD8
ETH/USDC[aquafarm],FgZut2qVQEyPBibaTJbbX2PxaMZvT1vjDebiVaDp5BWP,2FPyTwcZLUg1MDrwsyoP4D6s1tM7hAkHYRjkNb5w6Pxk,H9h5yTBfCHcb4eRP87fXczzXgNaMzKihr7bf1sjw7iuZ,EPjFWdd5AufqSSqeM2qN1xzybapC8G4wEGGkZwyTDt1v,JA98RXv2VdxQD8pRQq4dzJ1Bp4nH8nokCGmxvPWKJ3hx
RAY/SOL[aquafarm],3THMPkPmcHJ54JtHRyazhs7UN7HbV5KiNJVLJs6hSPSC,4k3Dyjzvzp8eMZWUXbBCjEvwSkkk59S5iCNLY3QrkX6R,GZaUNWf4ov6VZaD5MqZtc5pHB3mWTqczNUB4sstt8CSR,So11111111111111111111111111111111111111112,GNSZ1rr57QQ6qLcmZnhMcoBymenVezhNpzcFSfJP37h9
ROPE/SOL[aquafarm],DCENobjFZK59nLeMCVRkQtnkAWrJkWAVpmVnwVNc8gqH,8PMHT4swUMtBzgHnh5U564N5sjPSiUz2cjEQzFnnP1Fo,HLHPVwgzYjTHmu1fmV9eZzdE8H3fZwhuCBRNNN2Z5miA,So11111111111111111111111111111111111111112,7Be3aStQmKgeXC1xqfJnA8qaGzw6keQTLqHYAJprZK2H
STEP/SOL[aquafarm],2sNtf8wLZMR7XJm2pzvvVUNPTNRFsGTiC5vgDSGv5QGD,StepAscQoEioFxxWGnh2sLBDFp9d8rvKz2Yp39iDpyT,35opuEpVvggzfV361hQVNXiC7KAKS1HCeDoVpfVybo8k,So11111111111111111111111111111111111111112,A3DSsYZJWHiwXSQb7P2AbEoaWhpauJLU1PVdTPnzV5s9
SRM/SOL[aquafarm],EJRXAkKyDhDgzdZz1Ss5CpWKWSK9xTR5S6GDLAer8mdh,SRMuApVNdxXokk5GT7XD5cUUgXMBCoAz2LHeuAoKWRt,2JCxZv6LaFjtWqBXSC2brsWE9WryS4Cp3VwwDeNGvLyv,So11111111111111111111111111111111111111112,EdhG3vQbTVVAARZB4AbhU2HsVbvfFqX2yhBAfFV22nzA
FTT/SOL[aquafarm],68Bg6yQxWm3mrUYk3XzMiF5ycE41HwPhyEdaB1cp6wuo,AGFEad2et2ZJif9jaGpdMixQqvW5i81aBdvKe7PHNfz3,3eVE92aEAsLYcBACXNu1yxoHVfTM8e8vmQC2zSApGRJX,So11111111111111111111111111111111111111112,BbsiNbFfJsRDwqF4JaiJ6sKecNuY4eWmEaDHcY6h6HuD
COPE/SOL[aquafarm],BRx4dJecxzeGYc1BskCWonfGCeMyv9G7tk66cf2QGhK6,8HGyAAB1yoM1ttS7pXjHMa3dukTFGQggnFFH3hJZgzQh,7v5GCdHH439SztxcqL4wpfWdPvv9EfMm8GYTHSUQoGoY,So11111111111111111111111111111111111111112,5tSgRUK6f2x1nAXA4gdcHNXiWdToqni9pr5xvq2Fq82u
OXY/SOL[aquafarm],Cq4EZrvuFQpsCz8L3gS6t7iQ7VWzTtqDgSxD4AgVAAfd,z3dn17yLaGMKffVogeFHQ9zWVcXgqgf3PQnDsNs2g6M,BoZQMfTLTPcXnevJxNFkECVbKesfhXnTUg4kxLgzV9BX,So11111111111111111111111111111111111111112,8ZrEcJbgg7BdoBga5RYDR8aMujLf5cAQp8zdPZqk7nNC
BTC/SOL[aquafarm],7N2AEJ98qBs4PwEwZ6k5pj8uZBKMkZrKZeiC7A64B47u,9n4nbM75f5Ui33ZbPYXn59EwSgE8CGsHtAeTH5YFeJ9E,9G5TBPbEUg2iaFxJ29uVAT8ZzxY77esRshyHiLYZKRh8,So11111111111111111111111111111111111111112,5eqcnUasgU2NRrEAeWxvFVRTTYWJWfAJhsdffvc6nJc2
MER/SOL[aquafarm],UJBm2tHwDbQZpjQvaHozg5qkjh6prSKhnWheqR5T76Q,MERt85fc5boKw3BW1eYdxonEuJNvXbiMbs6hvheau5K,DHdkRWTa9SRJNMtWZQYvNNbjrDP3n92EWLHezjFGPipb,So11111111111111111111111111111111111111112,DC5RwjB3VkXdt2PoWKTA4Ub9KbtcY8xXpmPNKsFjALwq
FIDA/SOL[aquafarm],4SUBbivGMvMhem3ajVtkmuPvL4GuQ8kfYTJFuQfG4F8t,EchesyfXePKdLtoiZSL8pBe8Myagyy8ZRqsACNCFGnvp,9ofyx5yFzjH1XWmJzfiGCDfhq6ho8yFbszGQrrJXe54,So11111111111111111111111111111111111111112,55moYcq91pXbSRpL2DR8P3BehqSNWiJrdTn5SZFc2STn
MAPS/SOL[aquafarm],4rkgbbCPKk5zx3KiwcCNiSpNSSLgAkswKGfX7CJjGgtC,MAPS41MDahZ9QdKXhVa4dWB9RuyfV4XqhyAZ8XcYepb,BqExNTYk7YdeiaREHqnqN2q1F3dBCTPhkwrrWBFD4F1m,So11111111111111111111111111111111111111112,HdEQ99E979aXn2xTcg5UXEfLynwFkqpPTxLaNkH7Nz7P
USDC/USDT[stable][aquafarm],F13xvvx45jVGd84ynK3c8T89UejQVxjCLtmHfPmAXAHP,EPjFWdd5AufqSSqeM2qN1xzybapC8G4wEGGkZwyTDt1v,6uUn2okWk5v4x9Gc4n2LLGHtWoa9tmizHq1363dW7t9W,Es9vMFrzaCERmJfrF4H2FYD4KCoNkY11McCe8BenwNYB,AiwmnLy7xPT28dqZpkRm6i1ZGwELUCzCsuN92v4JkSeU
ORCA/SOL[aquafarm],2ZnVuidTHpi5WWKUwFXauYGhvdT9jRKYv5MDahtbwtYr,orcaEKTdK7LKz57vaAYr9QeNsVEPfiu6QeMU1kektZE,AioST8HKQJRqjE1mknk4Rydc8wVADhdQwRJmAAYX1T6Z,So11111111111111111111111111111111111111112,73zdy95DynZP4exdpuXTDsexcrWbDJX9TFi2E6CDzXh4
ORCA/USDC[aquafarm],2p7nYbtPBgtmY69NsE8DAW6szpRJn7tQvDnqvoEWQvjY,orcaEKTdK7LKz57vaAYr9QeNsVEPfiu6QeMU1kektZE,9vYWHBPz817wJdQpE8u3h8UoY3sZ16ZXdCcvLB7jY4Dj,EPjFWdd5AufqSSqeM2qN1xzybapC8G4wEGGkZwyTDt1v,6UczejMUv1tzdvUzKpULKHxrK9sqLm8edR1v9jinVWm9
KIN/SOL[aquafarm],Ez52BLSoZw3MxWxMK4ADsJXqzUiYW9sUnwcrrQwQGdLT,kinXdEcpDQeHPEuQnqmUgtYykqKGVFq6CeVX5iAHJq6,2Ssm5Dd1Zc5QpGSZzuqt3Ef4bADteuBbCGiEZJ5n48rV,So11111111111111111111111111111111111111112,HCS9EpKRxWDS9GCRFStNbPWgRQpvV6EyBWChJja2UbCm
SAMO/SOL[aquafarm],DiAP9qmp5foN7fLTWfBWjo9KBS1jgvKUJLWi1ZhqKaja,7xKXtg2CW87d97TXJSDpbD5jBkheTqA83TZRuJosgAsU,AFcbD7UTzk9d1njRxyDHNbQ5Q6miPNAE1GctjD96JYAi,So11111111111111111111111111111111111111112,6kYbPDsYLQUwptV7ZvQKG3gjNreEEgaWh2CM4DQPYTpq
LIQ/USDC[aquafarm],AXSeEafwPUGSamiZWH8m2PJtvpDVtrofxvycNwxiysdh,4wjPQJ6PrkC4dHhYghwJzGBVP78DkBzA2U3kHoFNBuhj,CVspL8Tj5YdqntXJegNeDXHiBn3648QDNB7gex6D9MgY,EPjFWdd5AufqSSqeM2qN1xzybapC8G4wEGGkZwyTDt1v,8YzLsZ1FtsruswkBogEaXwmRTf5PMuyVcfSZXRAdi8qA
SNY/USDC[aquafarm],BDn3Fj9UXVi2mRVMR2jzpCrAZZphnwfkvFhs192yhCTu,4dmKkXNHdgYsXqBHCuMikNQWwVomZURhYvkkX5c4pQ7y,14RHMRzwx9Y4Z41qpr9sTwJZ58wXqV1R9WTkUA7ybmKG,EPjFWdd5AufqSSqeM2qN1xzybapC8G4wEGGkZwyTDt1v,Dw9D9T4bBC3oGdMqxE1xWfPSCJ27SYwWD8rFfUxU99QG
mSOL/USDC[aquafarm],Hme4Jnqhdz2jAPUMnS7jGE5zv6Y1ynqrUEhmUAWkXmzn,mSoLzYCxHdYgdzU16g5QSh3i5K3z3KZK7ytfqcJm7So,GBa7G5f1FqAXEgByuHXsqsEdpyMjRgT9SNxZwmmnEJAY,EPjFWdd5AufqSSqeM2qN1xzybapC8G4wEGGkZwyTDt1v,7hFgNawzzmpDM8TTVCKm8jykBrym8C3TQdb8TDAfAVkD
SLRS/USDC[aquafarm],87Xz6RK1uzP5NEhSjMewZtDAZyg4V1tYAa1KHnvge17b,SLRSSpSLUTP7okbCUBYStWCo1vUgyt775faPqz8HUMr,CM7oGYHy1oxzHoum8Cxv4pwnndm6Jbs3NkBZkc6v9S9d,EPjFWdd5AufqSSqeM2qN1xzybapC8G4wEGGkZwyTDt1v,3QqPbMcUMZu3Rz762g7JgvpUxhRHPtE9HFk2MSDRmPqa
PORT/USDC[aquafarm],4if9Gy7dvjU7XwunKxdnCcPsaT3yAHPXdz2XS1eo19LG,PoRTjZMPXb9T7dyU7tpLEZRQj7e6ssfAE62j2oQuc6y,2wuSqR5z2Guft2yt57Hx7K6i1AYNoUi8fjxHUeAgaKXo,EPjFWdd5AufqSSqeM2qN1xzybapC8G4wEGGkZwyTDt1v,AvP1Db3SyUxLGMSc4nSXjJkjm1kAjiLjog7cup19eWa3
SBR/USDC[aquafarm],HiYggjP2fN53Jw46e5UuskqNP3HH98jceRxEgVoeRwNw,Saber2gLauYim4Mvftnrasomsv6NvAuncvMEZwcLpD1,DrJTQqNZqNCf2HDLpYg9zRCMRwnhZEVQuGjeaWtX6CA7,EPjFWdd5AufqSSqeM2qN1xzybapC8G4wEGGkZwyTDt1v,DEVLUv1uiUSukQoBdy9fDQyehi4N2Boojy8J2LQ8bK2E
scnSOL/USDC[aquafarm],6Gh36sNXrGWYiWr999d9iZtqgnipJbWuBohyHBN1cJpS,5oVNBeEEQvYi1cX3ir8Dx5n1P7pdxydbGF2X4TxVusJm,7xs9QsrxQDVoWQ8LQ8VsVjfPKBrPGjvg8ZhaLnU1i2VR,EPjFWdd5AufqSSqeM2qN1xzybapC8G4wEGGkZwyTDt1v,FZFJK64Fk1t619zmVPqCx8Uy29zJ3WuvjWitCQuxXRo3
scnSOL/USDC[aquafarm],6Gh36sNXrGWYiWr999d9iZtqgnipJbWuBohyHBN1cJpS,5oVNBeEEQvYi1cX3ir8Dx5n1P7pdxydbGF2X4TxVusJm,7xs9QsrxQDVoWQ8LQ8VsVjfPKBrPGjvg8ZhaLnU1i2VR,EPjFWdd5AufqSSqeM2qN1xzybapC8G4wEGGkZwyTDt1v,FZFJK64Fk1t619zmVPqCx8Uy29zJ3WuvjWitCQuxXRo3
pSOL/USDC[aquafarm],GW1Xt9HHtvcnky8X7aBA3BoTgiirJKP5XwC5REFcZSsc,9EaLkQrbjmbbuZG9Wdpo8qfNUEjHATJFSycEmw6f1rGX,F7XioZaGe99nosYJQCahx25TKgdUGufYf6sudm1JSgu,EPjFWdd5AufqSSqeM2qN1xzybapC8G4wEGGkZwyTDt1v,BT14DfFyNS7qcBGc8TY4HAzDev4vvqsoFBJgjtQpdM2Z
mSOL/SOL[stable][aquafarm],9EQMEzJdE2LDAY1hw1RytpufdwAXzatYfQ3M2UuT9b88,mSoLzYCxHdYgdzU16g5QSh3i5K3z3KZK7ytfqcJm7So,6xmki5RtGNHrfhTiHFfp9k3RQ9t8qgL1cYP2YCG2h179,So11111111111111111111111111111111111111112,Ew2coQtVGLeca31vqB2ssHntjzZgUy1ad9VuuAX8yw7p
ORCA/PAI[aquafarm],7LfLiCnoLPefaCVuh6z92TK2tPZUa9bPjW7gHT4jqrec,orcaEKTdK7LKz57vaAYr9QeNsVEPfiu6QeMU1kektZE,HSUFpGyNXEogXQLgEMQ7aMTxE4HZneRaBovbi9btXepM,Ea5SjE2Y6yvCeW5dYTn7PYMuW5ikXkvbGdcmSnXeaLjS,4c9rkBiqAY6fXpVvCbDwpDD44AGQ3MXSaCLcpmLUFtrX
ORCA/mSOL[aquafarm],49tTgthTYLMPEqozZNyEQifqkGYxHqqDie9YxVczS3iB,orcaEKTdK7LKz57vaAYr9QeNsVEPfiu6QeMU1kektZE,7hoYJc4aqttctANrNe75gscdmQD9HcXZED6AjdDdZMQ9,mSoLzYCxHdYgdzU16g5QSh3i5K3z3KZK7ytfqcJm7So,7MuvRUFT1wWiL7uJKdZqNwk9Fmz2HJ36bEArhDTnyFij
scnSOL/SOL[stable][aquafarm],2q6UMko5kTnv866W9MTeAFau94pLpsdeNjDdSYSgZUXr,5oVNBeEEQvYi1cX3ir8Dx5n1P7pdxydbGF2X4TxVusJm,C8DRXUqxXtUgvgBR7BPAmy6tnRJYgVjG27VU44wWDMNV,So11111111111111111111111111111111111111112,DzdxH5qJ68PiM1p5o6PbPLPpDj8m1ZshcaMFATcxDZix
scnSOL/SOL[stable][aquafarm],2q6UMko5kTnv866W9MTeAFau94pLpsdeNjDdSYSgZUXr,5oVNBeEEQvYi1cX3ir8Dx5n1P7pdxydbGF2X4TxVusJm,C8DRXUqxXtUgvgBR7BPAmy6tnRJYgVjG27VU44wWDMNV,So11111111111111111111111111111111111111112,DzdxH5qJ68PiM1p5o6PbPLPpDj8m1ZshcaMFATcxDZix
ATLAS/USDC[aquafarm],3V5sjXj1mrWjjB1Xt6Xwp554QwHE5fppGSxbk4GzAtEW,ATLASXmbPQxBUYbxPsV97usA3fPQYEqzQBUHgiFCUsXx,xotXsNCx4tBhnwhrajGTaVgKq1sfuMkeYHc77ZegCqE,EPjFWdd5AufqSSqeM2qN1xzybapC8G4wEGGkZwyTDt1v,8YswVYsTi66umBF2Bnkh4LB2VWMKPssDpe54VAgiuJZQ
POLIS/USDC[aquafarm],CdKPtCb5fBRaGFS4bJgytfReeHuFyhpe9YUyWHPnEWZG,poLisWXnNRwC6oBu1vHiuKQzFjGL4XDSu4g9qjz9qVk,EbXNEUiKxSU1vwwhrbVNVk3qX4o1yU3p75SQUUMfc1zH,EPjFWdd5AufqSSqeM2qN1xzybapC8G4wEGGkZwyTDt1v,CLCj9b1vdPutrkvZS8ACTM5q42SXB2Q7khnMLVxDMGEK
BOP/USDC[aquafarm],9pheQ8EX2wDKHZYm75G9haEbTyAcg8F2gFWybw2w6Vyc,BLwTnYKqf7u4qjgZrrsKeNs2EzWkMLqVCu6j8iHyrNA3,HkHjLSaP9yyWTzMGD1DKyoc1Dfvhvw4vakRhyjcVUCKs,EPjFWdd5AufqSSqeM2qN1xzybapC8G4wEGGkZwyTDt1v,CqRoKMF4kh2o568nFdDNHs7cszBjrkQME4RtCuTqcjCe
SAMO/USDC[aquafarm],Epvp7qMYAF21VVjacdB3VfKn6nnXQSF4rGYu8sD6Bkow,7xKXtg2CW87d97TXJSDpbD5jBkheTqA83TZRuJosgAsU,7jwHW4Lw3nVaSJXskN5pUoKU6YB9RBVfZtGBp3VbR43U,EPjFWdd5AufqSSqeM2qN1xzybapC8G4wEGGkZwyTDt1v,G7Gqjxk9EaJMeFfoFTSy9WfH8uurgQkbNQCREWAc56DZ
NINJA/SOL[aquafarm],3ECUtPokme1nimJfuAkMtcm7QYjDEfXRQzmGC16LuYnz,FgX1WD9WzMU3yLwXaFSarPfkgzjLb2DZCqmkx9ExpuvJ,6Y9VyEYHgxVahiixzphNh4HAywpab9zVoD4S8q1sfuL8,So11111111111111111111111111111111111111112,9SxzphwrrDVDkwkyvmtag9NLgpjSkTw35cRwg9rLMYWk
SLIM/USDC[aquafarm],8JPid6GtND2tU3A7x7GDfPPEWwS36rMtzF7YoHU44UoA,xxxxa1sKNGwFtw2kFn8XauW9xq8hBZ5kVtcSesTT9fW,ErcxwkPgLdyoVL6j2SsekZ5iysPZEDRGfAggh282kQb8,EPjFWdd5AufqSSqeM2qN1xzybapC8G4wEGGkZwyTDt1v,EFYW6YEiCGpavuMPS1zoXhgfNkPisWkQ3bQz1b4UfKek
wHAPI/USDC[aquafarm],2Y1Jmpkf5wt1X5zcFHNBDoHxqjTXbMJfj1UFtrYQwUbG,6VNKqgz9hk7zRShTFdg5AnkfKwZUcojzwAkzxSH3bnUm,DRYADMQevoJHDFCYbDQeS4p551MpsDN2d7CJU3LxfNHa,EPjFWdd5AufqSSqeM2qN1xzybapC8G4wEGGkZwyTDt1v,HzsECCX6RZ2ccbR3FarRSEfc5rkuETfywXJnRZut5JzU
COPE/USDC[aquafarm],DhGTKyT6RVkpvPxXAJodi4Z41RSvQZxV1f5eRvJ5bE4r,8HGyAAB1yoM1ttS7pXjHMa3dukTFGQggnFFH3hJZgzQh,6N3P3etaUYGeBs2C67ZQTDRqHsExNsfj85dDWPwHtQBS,EPjFWdd5AufqSSqeM2qN1xzybapC8G4wEGGkZwyTDt1v,36VVz3eY8YmWBGskQVjvGGBfyUKHHCEDBgkFtzMpFqeU
SUNNY/USDC[aquafarm],3Ukqqshh3kZ8UPbcYYFSRaeJcsgttcmShtNNn12F1rj2,SUNNYWgPQmFxe9wTZzNK7iPnJ3vYDrkgnxJRJm1s3ag,F6nCAMYEFxsyRDVonQXLNufXgAHsgAa1Br8DhBoX3KAV,EPjFWdd5AufqSSqeM2qN1xzybapC8G4wEGGkZwyTDt1v,HWCTHmQppFSsKQEk1bHUqPC2WLaidgnfTG9MQGD4XKEt
GRAPE/USDC[aquafarm],6MxUhBLXHCqpdYaFPTmw1D9fQ7zYnm9grZyJvpGiqr15,8upjSpvjcdpuzhfR1zriwg5NXkwDruejqNE9WNbPRtyA,686KiYDMMkbredNoWx8yqvAdKSiHuWSG3dnbL6yWYmZp,EPjFWdd5AufqSSqeM2qN1xzybapC8G4wEGGkZwyTDt1v,9i14ZKzaDmzKCAQb8hCv4h5GCo2Xiq83JcL7bofk4Ddj
ABR/USDC[aquafarm],rxwsjytcEBvXpXrXBL1rpsjhoh78imBn8WbxjKmLRge,a11bdAAuV8iB2fu7X6AxAvDTo1QZ8FXB3kk5eecdasp,6FRxhbY7bvSiDojPiqoidjTyDjxaUyCoPQk3ifEdfFbm,EPjFWdd5AufqSSqeM2qN1xzybapC8G4wEGGkZwyTDt1v,8aTapFecZRZmC2bTeKr2voHFW2twNvbrh8nWYdXYQWkZ
KURO/USDC[aquafarm],HdeYs4bpJKN2oTb7PHxbqq4kzKiLr772A5N2gWjY57ZT,2Kc38rfQ49DFaKHQaWbijkE7fcymUMLY5guUiUsDmFfn,DBckbD9CoRBFE8WdbbnFLDz6WdDDSZ7ReEeqdjL62fpG,EPjFWdd5AufqSSqeM2qN1xzybapC8G4wEGGkZwyTDt1v,B252w7ZkUX4WyLUJKLEymEpRkYMqJhgv2PSj2Z2LWH34
MEDIA/USDC[aquafarm],5L2aVMnNsmrnkxU4B25ajb2pR5AJWBRfUa73wjasjyaB,ETAtLmCmsoiEEKfNrHKJ2kYy3MoABhU6NQvpSfij5tDs,BFAyLvCbMhgF7CQ9fsWWK46jD9mPXfBMDWvXgk5LTgsT,EPjFWdd5AufqSSqeM2qN1xzybapC8G4wEGGkZwyTDt1v,7CvBsWsfEif4sAo9dnsf1JKVAfBGcZUVTktqtxBSkgwB
TULIP/USDC[aquafarm],BNwrRN23RCoq5MAneJ6Cot7iN2FLtyt9rtcjaVfAXTLt,TuLipcqtGVXP9XR62wM8WWCm6a9vhLs7T1uoWBk6FDs,5CKd5M2nXdPM1TMXxqK6Up6GZehKL5uU9Z9Ytm2sFCiz,EPjFWdd5AufqSSqeM2qN1xzybapC8G4wEGGkZwyTDt1v,HjMQnuxjVRodoaAg9WcNXb9TAssDaFNpgwcUUKNjWdh5
MNGO/USDC[aquafarm],Hk9ZCvmqVT1FHNkWJMrtMkkVnH1WqssWPAvmio5Vs3se,MangoCzJ36AjZyKwVj3VnYU4GTonjfVEnJmvvWaxLac,J8bQnhcNyixFGBskQoJ2aSPXPWjvSzaaxF4YPs96XHDJ,EPjFWdd5AufqSSqeM2qN1xzybapC8G4wEGGkZwyTDt1v,5yMoAhjfFaCPwEwKM2VeFFh2iBs5mHWLTJ4LuqZifsgN
stSOL/wstETH[aquafarm],B32UuhPSp6srSBbRTh4qZNjkegsehY9qXTwQgnPWYMZy,7dHbWXmci3dT8UFYWYZweBLXgycu7Y3iL6trKn1Y7ARj,CeSEpgqc3zV8xDr7Q6PiwJju6a6e92wpAv7Kg6QyFfQB,ZScHuTtqZukUrtZS43teTKGs2VqkKL8k4QCouR2n6Uo,Fb3XpEJgghTURUGd1wphWr93ruX5egnesfdZtjWCxJFy
SYP/USDC[aquafarm],5DnwMqYAGEKekYXJdN8Bue6vN1p5zrEnBpmd53jEK61S,FnKE9n6aGjQoNWRBZXy4RW6LZVao7qwBonUbiD7edUmZ,6d19CQA1FP2MLLAzA7XoZEc9Agc32FaKUS175UVWLGtv,EPjFWdd5AufqSSqeM2qN1xzybapC8G4wEGGkZwyTDt1v,HpPnUHyo19VjmXbP6FbbKXu7WQCUEn6h7be76fZdHVmf
stSOL/wLDO[aquafarm],CqwyVxWeaiikQ3VhvEZSEmupmG1Wmc2FeaUjsCV492Sx,7dHbWXmci3dT8UFYWYZweBLXgycu7Y3iL6trKn1Y7ARj,GDprNAcXeR5GVGnCtkS5UqyPGMm2Sy5Lk15qqN36faMT,HZRCwxP2Vq9PCpPXooayhJ2bxTpo5xfpQrwB1svh332p,VCgdcsExfmxUDQwusLP2xqZ3ap7VuYyQMMHDPSva2hx
whETH/SOL[aquafarm],FcEro2uFpHcb7Z785CBs6q12KMJqUJKa8VTXPi4TTBMf,7vfCXTUXx5WJV5JADk17DUJ4ksgau7utNKj4b963voxs,3uQytDKNd5H6XK8FhTei4wCUmj2eTbLTbiLAtWk2SmbA,So11111111111111111111111111111111111111112,GR3g8Wej3jmv92hYM1t22kaXog2xjkGjQ7V1XzLd1efT
whETH/USDC[aquafarm],4reGGLbesqpAeAZdAJv9hhgA2tgj45oGcyRuEvhATdMm,7vfCXTUXx5WJV5JADk17DUJ4ksgau7utNKj4b963voxs,9KpjcpKwhoFPbixvKDfcAhBQcVXk1CSBTGsJdzojDPRv,EPjFWdd5AufqSSqeM2qN1xzybapC8G4wEGGkZwyTDt1v,5HaG31FQS4McBVcHxVfwaKaWXE3VCGqvJ1ZDkTxs94cQ
MNDE/mSOL[aquafarm],vjHagYsgZwG9icyFLHu2xWHWdtiS5gfeNzRhDcPt5xq,MNDEFzGvMt87ueuHvVU9VcTqsAP5b3fTGPsHuuPA5ey,2LferrWvYWtHFfdkmixzt9g3aKa3yBNfgbRrP1CcWMMp,mSoLzYCxHdYgdzU16g5QSh3i5K3z3KZK7ytfqcJm7So,GimsuZjYqMXM6xK6S3e9JpGvX6jaMPuNeR6s2piDESmy
WAG/USDC[aquafarm],B76e3wtCDTKBgKQjvx87EBkDLPGcCY9w1SGiwjD5kaK7,5tN42n9vMi6ubp67Uy4NnmM5DMZYN8aS8GeB3bEDHr6E,8voSogytL9jLgE73GS3WuujBinKFRQJjvUFsVGYexWZd,EPjFWdd5AufqSSqeM2qN1xzybapC8G4wEGGkZwyTDt1v,HEP7mACuN13cT95eDAYTNjgwriqJnMQVhnyRctqnBRe4
mSOL/USDT[aquafarm],Afofkb7JTc32rdpqiyc3RDmGF5s9N6W1ujcdYVfGZ5Je,mSoLzYCxHdYgdzU16g5QSh3i5K3z3KZK7ytfqcJm7So,RTXKRxghfWJpE344UG7UhKnCwN2Gyv6KnNSTFDnaASF,Es9vMFrzaCERmJfrF4H2FYD4KCoNkY11McCe8BenwNYB,J15KntYr6iout4ce2kcD2QEdkVbLN4EHHFLfCtke3f6Y
mSOL/whETH[aquafarm],A71DQffTzgxBSzXjPL3tmf8XXTNtS5mR2D78Y8rmV2hk,mSoLzYCxHdYgdzU16g5QSh3i5K3z3KZK7ytfqcJm7So,Fcp5u8bL3V24MXjA4noSfMpcEAP2vSj1WTaA1ZNxACZL,7vfCXTUXx5WJV5JADk17DUJ4ksgau7utNKj4b963voxs,DuBCBX3y2FjDWUn2ncK5EKQh229JiJ7HTCjYJhNC87K8
BTC/mSOL[aquafarm],8DRw5wQE1pyg6RB1UwypGNFgb2Pzp2hpyDDNwo76Lcc8,9n4nbM75f5Ui33ZbPYXn59EwSgE8CGsHtAeTH5YFeJ9E,6D3sxC6yEe84FUnF5Kpbgx6gN57N9poJCKAtrCeCWdJo,mSoLzYCxHdYgdzU16g5QSh3i5K3z3KZK7ytfqcJm7So,EPoVJLhi9QtVPVo8n31M5k5Knvb48j8zbYyRrUbrHwC5
IVN/SOL[aquafarm],CFCivUWXBuULVNfJezj1fAhX6hdwVFi2BsCtpu6m96bR,iVNcrNE9BRZBC9Aqf753iZiZfbszeAVUoikgT9yvr2a,C5yDeB3jBz5yZPa6FgP6b7HNoFxLP63Pyzpaosnkikis,So11111111111111111111111111111111111111112,CCm846T6xj9VAhSAifuUJAXYCR3kaGp5KqhXFHCaeWUh
LARIX/USDC[aquafarm],DaNULZAv2VyLk75pW3QD5szVzx5dT6iNvoih94Bttqf5,Lrxqnh6ZHKbGy3dcrCED43nsoLkM1LTzU2jRfWe8qUC,AAjjSJsZM3AKK4h9cbGTHkquEZ2fWjgo9A9Pmrj2ynTH,EPjFWdd5AufqSSqeM2qN1xzybapC8G4wEGGkZwyTDt1v,82Fs8dSpMxPPfN1ULsXGFREHWz3JizREpTxwz2MaZ1n1
PRT/USDC[aquafarm],CRm5uRBsVmUVHVqKfCCvCUX1RLUkjfcBWAeMQ5D9VuCM,PRT88RkA4Kg5z7pKnezeNH4mafTvtQdfFgpQTGRjz44,3oL2GjsUnQLjHw77p78CsRr7t94AVrtsCnW5uf6NYQ3g,EPjFWdd5AufqSSqeM2qN1xzybapC8G4wEGGkZwyTDt1v,2EiVwvsH5cvyk4W243zKoywkaEQb9Bwe9WGphRgBSqaP
JET/USDC[aquafarm],ErWwp9HKjk5ZPLDt8SrHKH5PvSKTwFDdFo5E3zDuE5Be,JET6zMJWkCN9tpRT2v2jfAmm5VnQFDpUBCyaKojmGtz,GEtZSc8188t2cCAv21UGCyjvxCeyU5Co99GtRtyTkpdh,EPjFWdd5AufqSSqeM2qN1xzybapC8G4wEGGkZwyTDt1v,Bi95f8H7o7zHWuYysxDHEubPv4c3NhsHWhaesXJu91NC
stSOL/USDC[aquafarm],EfK84vYEKT1PoTJr6fBVKFbyA7ZoftfPo2LQPAJG1exL,7dHbWXmci3dT8UFYWYZweBLXgycu7Y3iL6trKn1Y7ARj,9SEBxqhP8sTAzmfiQfCPim1MqQXuDPb6fkGzJF7Z339i,EPjFWdd5AufqSSqeM2qN1xzybapC8G4wEGGkZwyTDt1v,G45yhM5mZ5RXZpLxGWLk3PVzdAp33z8aH6F9mLW8fQj3
wstETH/USDC[aquafarm],v51xWrRwmFVH6EKe8eZTjgK5E4uC2tzY5sVt5cHbrkG,ZScHuTtqZukUrtZS43teTKGs2VqkKL8k4QCouR2n6Uo,5c4tzhRVaCxpmu8o3HrEZ8PWBDKSR6QNkBdQrUo9oe3e,EPjFWdd5AufqSSqeM2qN1xzybapC8G4wEGGkZwyTDt1v,AFNaWHH7ZGFjB7y7jmPM7jVs7QBAciffu7Z5tZidRHPR
AURY/USDC[aquafarm],6HSguUukDH9zqJBm6oAAmFkg1WK9dJ5iLgnppTCM6jHm,AURYydfxJib1ZkTir1Jn1J9ECYUtjb6rKQVmtYaixWPP,413s6jiRbayD9didA4VnY8kQVgVBgkYNpYB2tyNf8sbh,EPjFWdd5AufqSSqeM2qN1xzybapC8G4wEGGkZwyTDt1v,GdPeogNxRWAZtUj7ZHc7fUpBuGHJosdbukiT2krFtXm8
AVAX/USDC[aquafarm],7c2CLgatf2TU36PgpS65WLmvWk94rmaHVf1Z1peZ7mcA,AUrMpCDYYcPuHhyNX8gEEqbmDPFUpBpHrNW3vPeCFn5Z,5rU6M2jAXQMSmgrsn14BPoVVhoBdCU6y5cP7XMjN4ZYy,EPjFWdd5AufqSSqeM2qN1xzybapC8G4wEGGkZwyTDt1v,D28rzq246bcXBrYiCeALY86y8NwvCUmuJGNggvKsh4WR
FTT/USDC[aquafarm],8npdwWX2BR39kcFLtTJABbcjNq7NWQvipfqxgsfk9mTX,AGFEad2et2ZJif9jaGpdMixQqvW5i81aBdvKe7PHNfz3,SasuKsATA2ATrMfFfSJr86wAGVgdS69PkQT3jFASBB8,EPjFWdd5AufqSSqeM2qN1xzybapC8G4wEGGkZwyTDt1v,3wADiuUqoakdoYYYxKqwoA4VN3uWZy5UwvLePox1mEsK
RAY/USDC[aquafarm],2R2VhohRc5WoNHtRdwnjovAQaZRAmr1DE3QFW5jfgb6v,4k3Dyjzvzp8eMZWUXbBCjEvwSkkk59S5iCNLY3QrkX6R,9ASj9zDg7cT6wtvn4euSUiZte8yN2U3Tn6cTVZvMHbU7,EPjFWdd5AufqSSqeM2qN1xzybapC8G4wEGGkZwyTDt1v,HGTxSWbb62nxk4oGkLkHUvrEzR5D4GKYRb8ZDcA2dpki
SLND/USDC[aquafarm],GhosXH9yZPxqSyTHqJtXQt6w65YfiGjKXcEXciX1P3z8,SLNDpmoWTVADgEdndyvWzroNL7zSi1dF9PC3xHGtPwp,9RcdfprKxbTzp3erTJMwXKznNCLmbCUaKhibaTMXhToi,EPjFWdd5AufqSSqeM2qN1xzybapC8G4wEGGkZwyTDt1v,6wEh8r3Czc3nKkN6JXobShnLG7ZqA5Y5DREGzkirYR36
GOFX/USDC[aquafarm],C3b5AWQJiyar5g8EWu75zgDE26F55ZJWpqtFVCCVDQQQ,GFX1ZjR2P15tmrSwow6FjyDYcEkoFb4p4gJCpLBjaxHD,5AhPVbtyiTV3SiNRJuq5z9xeaqqwoHQWqohR9HvjJkKS,EPjFWdd5AufqSSqeM2qN1xzybapC8G4wEGGkZwyTDt1v,6mtcbtTAadVEdnWJZmsq8woqLea7ef7k5WumVXSHr5KQ
WOOF/USDC[aquafarm],HY6iq1dp7pHwstfmLFu8m2iEvRQtjX3N751jcN6KrQXU,9nEqaUcb16sQ3Tn1psbkWqyhPdLmfHWjKGymREjsAgTE,8ju56eRfs9wg3GtoSFVoQoR6NnQn6gsWr6FkQyZ1EeBg,EPjFWdd5AufqSSqeM2qN1xzybapC8G4wEGGkZwyTDt1v,5WcqVktXr3Rr78MGGfcuwgB6azoN9EDCZLP4werGnfi4
SDOGE/USDC[aquafarm],8GoFKVkoxPyQKWXhoXs3ycGmp9rXYM8hz7eq1EUM1MJe,8ymi88q5DtmdNTn2sPRNFkvMkszMHuLJ1e3RVdWjPa3s,ABQfmExcxJt2wE9JeLUxvhkpA2VkoQVvWKDvfusjq226,EPjFWdd5AufqSSqeM2qN1xzybapC8G4wEGGkZwyTDt1v,EDBXkzwxu6UXqBDnzb9AJ6Eggjyyct7SmYVoR8PYJkHd
CATO/USDC[aquafarm],GumfURfQvPaJ2E5ueCEKYJmymNQbV34gU9TmiKZYRkiv,5p2zjqCd1WJzAVgcEnjhb9zWDU7b9XVhFhx4usiyN7jB,AGNHgSQuPd4EqjLTLJrXEVb3KCkjRxGVDTaag4drV1XX,EPjFWdd5AufqSSqeM2qN1xzybapC8G4wEGGkZwyTDt1v,FESKk2kj9oqdYR4dcaP4LyqDyWZt3NttgypRVFoyUQNs
OOGI/USDC[aquafarm],9tK2LaapwjxaUmfcAzY9zgC39M3wnaFX558y2Bb4oxWG,H7Qc9APCWWGDVxGD5fJHmLTmdEgT9GFatAKFNg6sHh8A,GgfTGZ5DnAotnXKFM86vqffKQZ9nGgHaX1PDS7RTcKjQ,EPjFWdd5AufqSSqeM2qN1xzybapC8G4wEGGkZwyTDt1v,A3rzsPGtqowjKXfscYrPo1jvv2EVYpJwXQPGKxgvvStf
SONAR/USDC[aquafarm],Dzp3ZWyUZGXZYWfodXdLdXfiW7gwVZBdWBwQ28eB6cTH,sonarX4VtVkQemriJeLm6CKeW3GDMyiBnnAEMw1MRAE,DxGfntMLqAjtB287GkPPcfotUGcWdhtpzR6KukdBo39H,EPjFWdd5AufqSSqeM2qN1xzybapC8G4wEGGkZwyTDt1v,EVymxW4gFtxw7qjMYGFq4EupxHc1RteffwETa5MKTDPR
APT/USDC[aquafarm],Fg3UabVqnfycMtkiTVoaia9eNafehtT9Y4TicH2iBtvK,APTtJyaRX5yGTsJU522N4VYWg3vCvSb65eam5GrPT5Rt,636crNdZTf46gFUKuedaBCZDBMLahf7KGud2LyTMskU5,EPjFWdd5AufqSSqeM2qN1xzybapC8G4wEGGkZwyTDt1v,DGEYFkEHyiuHWtHeCGiQGn1JbkGHqYrNwaP44miRbgxu
DFL/USDC[aquafarm],59wJQz25rr38YnD69eXsntbdE4LB7m39KjHqZUUaoyZ3,DFL1zNkaGPWm1BqAVqRjCZvHmwTFrEaJtbzJWgseoNJh,EXZdhy56TjvArQRfDakjuQdT7DffwFEYdY5F39vn3Wbr,EPjFWdd5AufqSSqeM2qN1xzybapC8G4wEGGkZwyTDt1v,Bhch1NY65RNA8uFaj2s8Fzxu36SFMQiniyZidq4jzsTt
DFL/SOL[aquafarm],GxkXvW6dJP3KUNWuXi64V99uRsPFEFnuuasNTq6fvZfP,DFL1zNkaGPWm1BqAVqRjCZvHmwTFrEaJtbzJWgseoNJh,BpjpdhuMkPPW3HPx4U9tRmNAXdUeb49jxwFGy2PrSNCp,So11111111111111111111111111111111111111112,HcXqJthqq1UeGHA8xPeDLnWVJFcndoUnKnpULRCjyTzi
FRKT/USDC[aquafarm],DXNct3MfHDuhKiXHY3AUXPtj5sQVY3feuDxkDRfCw1rL,ErGB9xa24Szxbk1M28u2Tx8rKPqzL6BroNkkzk5rG4zj,AUSeFBvVtLiZRppRu8Uvd8NjzCkQzaCi5Si8WWyko9p,EPjFWdd5AufqSSqeM2qN1xzybapC8G4wEGGkZwyTDt1v,C3RzSoNiBfTNbAZMyyuV2aLfwGQRyjvkjL3pf9iuvU3R
TTT/USDC[aquafarm],HD6pqxyqj4S7eS3orAyQyan5RpwpMPjKEDWgTyYXcfr1,FNFKRV3V8DtA3gVJN6UshMiLGYA8izxFwkNWmJbFjmRj,HbrvwSnL11K5EALN21FdjmWvG16VNcq5iyHEKjdHtyJe,EPjFWdd5AufqSSqeM2qN1xzybapC8G4wEGGkZwyTDt1v,CQvyngoqxCdgFQYjbT8EKved6hTDzmzdp8Xxxv5FkXmd
UPS/USDC[aquafarm],G67ZSkxE5N67x6A1WhcTaHiFHqRtRQUb3QHwjtPge1Xr,EwJN2GqUGXXzYmoAciwuABtorHczTA5LqbukKXV1viH7,CNw37MJdV6gBChtEtUgGrx3zWXz8t3bYxD7u5axPrwdJ,EPjFWdd5AufqSSqeM2qN1xzybapC8G4wEGGkZwyTDt1v,5iLVx3LwhWiqjaRyLaiVNsLbYBqy48fvs2sTY6q96nNy
FANT/USDC[aquafarm],95aDcNzL8tL17jzHAUQXnRwuCmYBWKUr4xfjV6AMVJY1,FANTafPFBAt93BNJVpdu25pGPmca3RfwdsDsRrT3LX1r,CyLaJ6Y382czGE75yFDg2fneKni6PjZHH9Jh4GZN2Nyo,EPjFWdd5AufqSSqeM2qN1xzybapC8G4wEGGkZwyTDt1v,7wHMKRPVsacb3JcBsUxLKLZkAPbX81VNc6Z6J9uvJ2J8
BLOCK/USDC[aquafarm],ExeW62iy4xEUo5b5XnDru5oQCDRDUmBaFNqE4V4u7uvm,NFTUkR4u7wKxy9QLaX2TGvd9oZSWoMo4jqSJqdMb7Nk,7uJ5SFRGzrnbspUThix8M2wFJNnS8vvSKbCEhKmqMjNm,EPjFWdd5AufqSSqeM2qN1xzybapC8G4wEGGkZwyTDt1v,4e5ZVp7u6YWEibveHscZmbmHpujtbJNUHFj14tqtAZKv
RUN/USDC[aquafarm],9j4FdbK68xUDQVynTWHbNzBRAj7Q7Lywiqb82en4JzZs,6F9XriABHfWhit6zmMUYAQBSy6XK5VF1cHXuW5LDpRtC,tg7YMVac4S2ZpVrbaDqrZgURyTBBrZCQUkQ6Fn6nnrX,EPjFWdd5AufqSSqeM2qN1xzybapC8G4wEGGkZwyTDt1v,G2fZDZKa5Y599xzqP1jVQ3EMCfiG6f4dMS6G1f7BKoQe
UXP/USDC[aquafarm],eKuTPdMHmnVzLP63oWwdUH6bBAVcdvBfg4zvH2nWWCj,UXPhBoR3qG4UCiGNJfV7MqhHyFqKN68g45GoYvAeL2M,BWL9ocg8VEBSfrS7zjUBUidE9T8p95J3p5wF6C4Vaqrs,EPjFWdd5AufqSSqeM2qN1xzybapC8G4wEGGkZwyTDt1v,GQC4fM5E6dr9MsXvtMzAR4Z8iCduhyFvYCLdMAAHGCM2
BTC/USDC[aquafarm],2dwHmCoAGxCXvTbLTMjqAhvEFAHWUt9kZaroJJJdmoD4,9n4nbM75f5Ui33ZbPYXn59EwSgE8CGsHtAeTH5YFeJ9E,D3Wv78j9STkfJx3vhzoCzpMZ4RqCg8oaTNGzi1rZpdJg,EPjFWdd5AufqSSqeM2qN1xzybapC8G4wEGGkZwyTDt1v,HMFLg2GtbWSSEe92Vuf2LQdUpCacGj2m2PwvMqzwQFNi
MNDE/USDC[aquafarm],2yNwARmTmc3NzYMETCZQjAE5GGCPgviH6hiBsxaeikTK,MNDEFzGvMt87ueuHvVU9VcTqsAP5b3fTGPsHuuPA5ey,AfF3SJFpyfU7iw9KtrwPyi6corJbyiC24JyVis7oxNVr,EPjFWdd5AufqSSqeM2qN1xzybapC8G4wEGGkZwyTDt1v,FT4GQqs5sEvqhsWm845VF1vmHjdQkrB1jdsGPJbzB4oB
CHICKS/USDC[aquafarm],3abwmh8LDUsXMoDgNzZLq9QvKqKbhYND9N5aXh9yz7Dm,cxxShYRVcepDudXhe7U62QHvw8uBJoKFifmzggGKVC2,84Ha1dXH8YAWXt3AC15RstnUCoWT3hg24tUGD1GtqGSm,EPjFWdd5AufqSSqeM2qN1xzybapC8G4wEGGkZwyTDt1v,GkonWV6urvzsnKwVmPXe89fTX1zBfv4xrAhx9JnxV9Nq
1SOL/USDC[aquafarm],CKKuMECwW75NBNRKtYJz1svCycRHt4KpXmcNnHXiHY73,4ThReWAbAVZjNVgs5Ui9Pk3cZ5TYaD9u6Y89fp6EFzoF,2meoejmWQno2q6cbFMRytu7UMqMA8FTx651feSUHfTtC,EPjFWdd5AufqSSqeM2qN1xzybapC8G4wEGGkZwyTDt1v,n5CtiZDLm2xNxVU1o4KC98dNGiFb1sbuCazDihahbMy
WMP/USDC[aquafarm],Cqy7PRGRx2QeTLZM3QmLGN68uHxEd9euj2eEeeZWnuvQ,BygDd5LURoqztD3xETc99WCxLUbTi6WYSht9XiBgZ4HW,3WubbpV7W82H6FERR62Bd8Z4fXFGaihtBNqnT1zkGr6f,EPjFWdd5AufqSSqeM2qN1xzybapC8G4wEGGkZwyTDt1v,8MxcExnMniQEDs361cZseukEau9Rmd3CmrCXxasmNM1x
UNQ/USDC[aquafarm],3a3G1RjJe826EB1toShvPPWnyi2jXR53HP4vYb936kwj,UNQtEecZ5Zb4gSSVHCAWUQEoNnSVEbWiKCi1v9kdUJJ,Hf4gYkKNAPhm2RYrXrcP9YVL44VbYnsRsyUuBnZGzqPr,EPjFWdd5AufqSSqeM2qN1xzybapC8G4wEGGkZwyTDt1v,BZ9oTLGDL6tsvoooQ9qEBSM3sYKJB1v2e9b4en5ix1Mp
BASIS/USDC[aquafarm],9wb29L97MmPp7Nw8oaqiAGkXceETGNQurhySiUNLv5wh,Basis9oJw9j8cw53oMV7iqsgo6ihi9ALw4QR31rcjUJa,7QM71YvJm86bN9RLFoEvyDX8dBgLh2xjnabcHf4d1Q1y,EPjFWdd5AufqSSqeM2qN1xzybapC8G4wEGGkZwyTDt1v,AmP22dYrTsG2LrkQX9cLg79jUrzDJcmWqGEWmM3Mdn46
GST/USDC[aquafarm],87E4KtN7F4LivKhjqXaoQAvS3a8HnM4DnMUrbMrkVvXY,AFbX8oGjGpmVFywbVouvhQSRmiW2aR1mohfahi4Y2AdB,9r39vqrJuubgafaJ5aQyDWYAUQVJeyZyveBXeRqp7xev,EPjFWdd5AufqSSqeM2qN1xzybapC8G4wEGGkZwyTDt1v,7LFnr5YgUyEgPMCLGNQ9N7wM5MFRNqCuRawLZTe5q4c7
MEAN/USDC[aquafarm],4jhCSYuGkLCiB8uvCaS34QCtPycBjayxEk27YCartTuW,MEANeD3XDdUmNMsRGjASkSWdC8prLYsoRJ61pPeHctD,5KSCuA99i7PSF6KvvbvV5hDveGse7isqF6e7tFXPeMyn,EPjFWdd5AufqSSqeM2qN1xzybapC8G4wEGGkZwyTDt1v,13PtHDhQzswoFWg8Gr4yVrTmUEW4CWxeKFkLVERCmypB
AART/USDC[aquafarm],8wVYTnchy3WbhJvKn4NhTbgtVm6Bfd6yvxR33DsSftse,F3nefJBcejYbtdREjui1T9DPh5dBgpkKq7u2GAAMXs5B,Hy3FDHpTfzqtooUARjgUvYuRcFnjGH5WLftu77DyEnKJ,EPjFWdd5AufqSSqeM2qN1xzybapC8G4wEGGkZwyTDt1v,J4Cd9u1WuY1WnCScENuRyL2jGh7qD6vpRsWJG6ZsC5z9
SHDW/USDC[aquafarm],25bQ6UzZpgFgnU7MqZdqM9Axi6oJunytRL2LgXruDWZB,SHDWyBxihqiCj6YekG2GUr7wqKLeLAMK1gHZck9pL6y,8ZVaNyNZQkcMzF7esuZoRgRo7Rc9eKEN18v4zw7Ng8JZ,EPjFWdd5AufqSSqeM2qN1xzybapC8G4wEGGkZwyTDt1v,H8A2xivBXr1RMCYmuhJ7dyEXJqPxaGDyQaaim8WucU7c
SHDW/SOL[aquafarm],E3fxkJGNNAWf5xXDfMdq5qofBVkQtLKxkP7gG6Up21Ts,SHDWyBxihqiCj6YekG2GUr7wqKLeLAMK1gHZck9pL6y,9LQEB2SZQJxtLQStgXVNzgWU3LVkc4szK22iDHcSr4K9,So11111111111111111111111111111111111111112,F2qtMkEy3L78wpw64bckvRx5M4w12Zi7bimuPBnYzto1
SCY/USDC[aquafarm],Ci2T7KY8xXc3NmSr4JmbhZ2V7SfjZ7Fn2q6VxJsDD1Dg,SCYfrGCw8aDiqdgcpdGjV6jp4UVVQLuphxTDLNWu36f,Hfa6kPY27pgnbXHMd1bKBaYMBoF8RRxUm2AmWHBWudcn,EPjFWdd5AufqSSqeM2qN1xzybapC8G4wEGGkZwyTDt1v,CYKEhyhe9JZqLzaM29o8urMu8riDNBE6ycZP6bLQtkbF
SLC/USDC[aquafarm],ByfDbpLVNVQHzU6E5dmLE1kcAKWAYRr9LPSGcVxxSRFF,METAmTMXwdb8gYzyCPfXXFmZZw4rUsXX58PNsDg7zjL,EnvNSVK9JRQ5jmsz7nvbhYmR3MHSeMvB8Mf1e4VwoyRe,EPjFWdd5AufqSSqeM2qN1xzybapC8G4wEGGkZwyTDt1v,CHuUSo3EMCqtGWvUGRj4crmDzV5YKdYvqrhHSEitAP8V
wUST/SOL[aquafarm],M3DfDvKZ9WEWYWcBuguvt3rYSbKqj66PgjW69DoEq9C,9vMJfxuKxXBoEa7rM12mYLMwTacLMLDJqHozw96WQL8i,3T7UL3ixF9S8XPjW7SEr9yYY8A5YWTDc7omgjKD2ULhb,So11111111111111111111111111111111111111112,91NfC8SunFRWF6BqEKnbnJCursfiDB2U3H6GGCqsFVxc
wUST/USDC[stable][aquafarm],Awp1hdAi5xi3CTDsXxiZsygSacpZV2a3L8rNNvpNRVn4,9vMJfxuKxXBoEa7rM12mYLMwTacLMLDJqHozw96WQL8i,GZWYWkbZ63teAW3tUaThq7k4NMp67TqwF94TqAMRSPx4,EPjFWdd5AufqSSqeM2qN1xzybapC8G4wEGGkZwyTDt1v,DMuVdnkRsqP7v8exbrdHNn7WoViNLjf4PVanEQtwgFZ6
mSOL/wUST[aquafarm],BpiM8jnpbha2TnTKp4AogyLYYA99Ks73GfDGueUWLakT,mSoLzYCxHdYgdzU16g5QSh3i5K3z3KZK7ytfqcJm7So,8SuMMuDbSGVpWjp3fW5kzpMWuMhxcdQwGgLJiviP25UD,9vMJfxuKxXBoEa7rM12mYLMwTacLMLDJqHozw96WQL8i,FL5QM8K2AYrqN52ssqr9GA3goYGkUiXQQxXfFFc9xD4f
wLUNA/wUST[aquafarm],C9NcP1mx51DLZVX8VtAk2Ldip5v6xCxZGmhx7Bxtqnz8,F6v4wfAdJB8D8p77bMXZgYt8TDKsYxLYxH5AFhUkYx9W,97aVH3M9cjZmfA5HVu9iJ9AnE41inBG1Sxqj8UQhR2jo,9vMJfxuKxXBoEa7rM12mYLMwTacLMLDJqHozw96WQL8i,Av3RXECkvPCehJTJNbkWmUj3LmP63c4btzMYjbcYLkpm
stSOL/wUST[aquafarm],9F3J6RY7PTkDb3SUUpg725uXyCceBGCpZrtmYGJwgMwF,7dHbWXmci3dT8UFYWYZweBLXgycu7Y3iL6trKn1Y7ARj,GFso9SAGakm8ZFa3rmuonuerbcQ8ZbACNZN7idkKR5nw,9vMJfxuKxXBoEa7rM12mYLMwTacLMLDJqHozw96WQL8i,EZ7pJskN2a4pDknrdkLzGDHpzjbfgdBj3Tt594K9HZbL
JSOL/USDC[aquafarm],5pki97N9a6yEB3YQL3y8gvf4nSWnvEL9V6yms8Amnd9Z,7Q2afV64in6N6SeZsAAB81TJzwDoD6zpqmHkzi9Dcavn,D4Am1hMwzQqULAvmEjwJLDGwoyTgakRXrn7ayWHMhiB7,EPjFWdd5AufqSSqeM2qN1xzybapC8G4wEGGkZwyTDt1v,GznbQjBy2KKYYVLaJ6bM59GgekRsKT5QRi2NFMYNRcmf
daoSOL/USDC[aquafarm],6TwZgp6ABN7pbXbxvaZriHbbxeSAcEgxhKYnqGwphiRD,GEJpt3Wjmr628FqXxTgxMce1pLntcPV4uFi8ksxMyPQh,EZf2tVoxVgGaBz6ir5iBppxiqFSqBUob2dNpiEuXMYiJ,EPjFWdd5AufqSSqeM2qN1xzybapC8G4wEGGkZwyTDt1v,3v29nJzrWebKv3DefSY5WVq4kgHWykF7fdYVaCpohwks
ORCA/USDT[aquafarm],4YnaUPeZ2fYqpoLrCyprSai8LaDWZxmgb6cGfNHJmyP6,orcaEKTdK7LKz57vaAYr9QeNsVEPfiu6QeMU1kektZE,D91z1TewbTQ3AVc9RThtTjiMVRqr94CP73XrsbHEhej8,Es9vMFrzaCERmJfrF4H2FYD4KCoNkY11McCe8BenwNYB,Fy4AwXwAwitVdFwgWBdYkqRVv8QjigU86ssL6rqzgp8S
ORCA/whETH[aquafarm],D67u6UEuFp9Q4Fu2gnu5thxBoVj2eRgDDDirdWsMVsgm,orcaEKTdK7LKz57vaAYr9QeNsVEPfiu6QeMU1kektZE,EMxDw1NjdddQjPk9gCUN4iDMy8HJ5siKYMVjGbjuUCrh,7vfCXTUXx5WJV5JADk17DUJ4ksgau7utNKj4b963voxs,DQyhcuEvE1K9DSd51agcNLg4CDrgthnKMVhU7q6R55LV
GENE/USDC[aquafarm],PQ1sBpkZYTkXo2aDRqWU2sEJGUj7yaeJ3GePoCRYU4V,GENEtH5amGSi8kHAtQoezp1XEXwZJ8vcuePYnXdKrMYz,LiM9qAQi7ud4fCkAcGcJJzmY47od7vzzeqKBejATbJm,EPjFWdd5AufqSSqeM2qN1xzybapC8G4wEGGkZwyTDt1v,APQyCmCvyVFreK2JjFHinmja24jTHdwm4umNJo67Nu2v
CMFI/USDC[aquafarm],AaJERSYSMtWxhRqZzBZ9JFr1gJkfSPgPEd3mBDT2AknQ,5Wsd311hY8NXQhkt9cWHwTnqafk7BGEbLu8Py3DSnPAr,HEqNExFgmyZ4Es53pL2bfBi5pKcZwGzbvwm1UknYLD9s,EPjFWdd5AufqSSqeM2qN1xzybapC8G4wEGGkZwyTDt1v,GbK7B7ZGQNZYrEhADC8aV5HdPhYgMZ35f6c8Decie224
CELO/USDC[aquafarm],H2bkwBwizcotpWHbruYFKXfHvh29hhoZn52qHq2YZumW,GNCjk3FmPPgZTkbQRSxr6nCvLtYMbXKMnRxg8BgJs62e,H6tFXr3BnF3r21Sv2ykLSbiE7wLxWpDcXroyxBReoXou,EPjFWdd5AufqSSqeM2qN1xzybapC8G4wEGGkZwyTDt1v,GnKnjXsmZKVhduVyLiR9Ngsxwo8spfxtruiPtqDqHLNJ
FTM/USDC[aquafarm],4RCU8SoBzvYysNaQBAFpQMmt7LPQgxbto9uiuRjAJPpq,EsPKhGTMf3bGoy4Qm7pCv3UCcWqAmbC1UGHBTDxRjjD4,EULHGNmuJWcRHm5Xen9CiG4uqVZoemLorLvAQ7vR9vCi,EPjFWdd5AufqSSqeM2qN1xzybapC8G4wEGGkZwyTDt1v,71rJZyRkxxupdqZeLrNQnHjus11C1yEVwsrKgQax6TSx
CELO/USDC[aquafarm],H2bkwBwizcotpWHbruYFKXfHvh29hhoZn52qHq2YZumW,GNCjk3FmPPgZTkbQRSxr6nCvLtYMbXKMnRxg8BgJs62e,H6tFXr3BnF3r21Sv2ykLSbiE7wLxWpDcXroyxBReoXou,EPjFWdd5AufqSSqeM2qN1xzybapC8G4wEGGkZwyTDt1v,GnKnjXsmZKVhduVyLiR9Ngsxwo8spfxtruiPtqDqHLNJ
FTM/USDC[aquafarm],4RCU8SoBzvYysNaQBAFpQMmt7LPQgxbto9uiuRjAJPpq,EsPKhGTMf3bGoy4Qm7pCv3UCcWqAmbC1UGHBTDxRjjD4,EULHGNmuJWcRHm5Xen9CiG4uqVZoemLorLvAQ7vR9vCi,EPjFWdd5AufqSSqeM2qN1xzybapC8G4wEGGkZwyTDt1v,71rJZyRkxxupdqZeLrNQnHjus11C1yEVwsrKgQax6TSx
BTC/ORCA[aquafarm],CqXRyZ23dFwdbMLGEQLhQQRJrzkFB3wBsuH92rp7d3yw,9n4nbM75f5Ui33ZbPYXn59EwSgE8CGsHtAeTH5YFeJ9E,8dbqoSTALCCshdKXX8Nb6AskytydXtHLyPoqu9Nb2ig3,orcaEKTdK7LKz57vaAYr9QeNsVEPfiu6QeMU1kektZE,7UAHjQQjYBrSKdtgbJK1SaUVgmBxcmMJKshvEiEhLheP
HBB/USDC[aquafarm],Fpwa7a1r7kjax1nW25TVP3uiQc7XH9dv9n9UXMJRSTEx,HBB111SCo9jkCejsZfz8Ec8nH7T6THF8KEKSnvwT6XK6,2vq1vt98xBPUmvbTC5nH4GtsjJVeA64kwv6CZc7xSAf6,EPjFWdd5AufqSSqeM2qN1xzybapC8G4wEGGkZwyTDt1v,B7f4A1Pp6RCjWYv5Lsrf4MecmZQDMekXh4MFQasCQuRB
HBB/SOL[aquafarm],2aCJ1VTwfvLej1PJJAmiVCzuLGtjQ5bEo9DYkbwwe1C6,HBB111SCo9jkCejsZfz8Ec8nH7T6THF8KEKSnvwT6XK6,5k1Nj2TvG51p7s2ambWpmX6FraiSchoYS1wJgVw5f9Af,So11111111111111111111111111111111111111112,2s2vbHk4XzKQ9SQdPRyirY8JmBemhZ67EBx7xgF6tzq5
SB/USDC[aquafarm],GPxcR4ci8RbLh4bVPi88mKwTEDeVxEKs3nBkKayghuuL,SuperbZyz7TsSdSoFAZ6RYHfAWe9NmjXBLVQpS8hqdx,EoV9ub5aojyBFdYGhPQPQ6cDeesgsENrNYGN6L8CB6Nh,EPjFWdd5AufqSSqeM2qN1xzybapC8G4wEGGkZwyTDt1v,7kRmDjSorwKqqLAFupgGW8fEp6hywkt2bntw2gCrV5Sh
stSOL/USDT[aquafarm],EacW6utfAJk6z5QCbyqjJHdTN2TH5UFu9K5dh3DmhsLV,7dHbWXmci3dT8UFYWYZweBLXgycu7Y3iL6trKn1Y7ARj,BAMiBNk9j6Z9LLdZzzGScHDFQas58uLqW4GGX4ndq7K6,Es9vMFrzaCERmJfrF4H2FYD4KCoNkY11McCe8BenwNYB,Ajf4bxNoKCyFVfV35sRTgGwZK1dfJJJVXgNFs7ncC5EF
SEEDED/USDC[aquafarm],3fyCss3Y9ATNnTSsN7VCasEb4H5SpSuN7VEoJnNWZU3x,seedEDBqu63tJ7PFqvcbwvThrYUkQeqT6NLf81kLibs,Dn9LiTqcRiyxipCqvTEyT3ZwbWtf69bUcHQLWG89jpJa,EPjFWdd5AufqSSqeM2qN1xzybapC8G4wEGGkZwyTDt1v,Aq5xPmh3cZoyLN3KzVcAK8osAU7oAjo1k6qdw6gd5ovi
AUDIO/USDC[aquafarm],2arG3AznFJbLknAQUqk44PgeABZDHpBfcRsPmPWjjBPY,9LzCMqDgTKYz9Drzqnpgee3SGa89up3a247ypMj2xrqM,FfpKRggDra1uSskyzAm6f4EXFhxw6ij8BkDwiWTs126x,EPjFWdd5AufqSSqeM2qN1xzybapC8G4wEGGkZwyTDt1v,ACBf9ksELg2buAFnDTJL9WnT5kZRcFN1Bvarox9JZVbq
MMA/USDC[aquafarm],3HJ9QwRNsdHj3xaTvrzYyvvsY1gd23N8qGiSHaytKLLB,MMAx26JtJgSWv6yH48nEHCGZcVvRbf9Lt9ALa7jSipe,BzccyLPYsbhhWjHnRLUn7Fpkao9reYRdjA8wkp7iY6re,EPjFWdd5AufqSSqeM2qN1xzybapC8G4wEGGkZwyTDt1v,6uJF6gMpCxUYvmQ8hmaz44MRyRYq5ykpsx5GYABbUK5A
1SOL/SOL[aquafarm],8CJhJomcLYoVw6pAQdNWPJ3yDXkS55y2gAxJ9uReuXEz,4ThReWAbAVZjNVgs5Ui9Pk3cZ5TYaD9u6Y89fp6EFzoF,532m3b4aSmWsrn4RfM9ByBRLJocdcHMwiscjADQYNjXG,So11111111111111111111111111111111111111112,2qu6tc58av5AGfrrBPdHxK2Cyi5CsDhjaZ8x8yw8UA1w
PUFF/SOL[aquafarm],GrSE1LoQBr3p9y7HQxV8h5vc8fH4xkT4a6Nysckbu8zt,G9tt98aYSznRk7jWsfuz9FnTdokxS6Brohdo9hSmjTRB,HYszSkhsPPNSj6Q5hRudc94kawCgUNeQ1DqrxJxtoxsK,So11111111111111111111111111111111111111112,AKJUQjqAHTw5rNYYv9Rvxxe23mwdNaqzt7pdriJy92sw
SAO/USDC[aquafarm],BWCT76eQ8jtrKkMm234ZY1QEXSfZYTrzHyXaE3DxeQfd,2HeykdKjzHKGm2LKHw8pDYwjKPiFEoXAz74dirhUgQvq,8MNhNFCU366Y3dq3HRk5nKuKZuQLY3kffMZekadM2R8q,EPjFWdd5AufqSSqeM2qN1xzybapC8G4wEGGkZwyTDt1v,6qnLaADqFjtGsMsHjScFVmpVVNBbqaGNoBwBFy5BVRr8
sRLY/SOL[aquafarm],Df7DkQRXEpPM5basbYHi45268hmR8m7YrtraPdGgj6R6,RLYv2ubRMDLcGG2UyvPmnPmkfuQTsMbg4Jtygc7dmnq,AJzDsY4wnv8nWSWoBimY6hWJpWC54oEgmfbV7YGXsLww,So11111111111111111111111111111111111111112,qytd7KfK3pFVWog53xUVE8dqD1sBxa1H13VnF6ADGSd
ZBC/USDC[aquafarm],J4Xvy9twDDWqqwyfX6nrc2QFJeMJ6HD9kbAmcPhfYmFP,zebeczgi5fSEtbpfQKVZKCJ3WgYXxjkMUkNNx7fLKAF,8AcanN7p8KHfLxKBBMKuJUqqX2uUPz3mkp3iaNHHaZfZ,EPjFWdd5AufqSSqeM2qN1xzybapC8G4wEGGkZwyTDt1v,FwqAxdo6s5EtyVXqqU7sj3Q9n3eLuUkF2D4584MDoWLW
GMT/USDC[aquafarm],46GcZFgznxUf6TpoCqJqzMpgMbbJPCAwNn8GThSt9qjC,7i5KKsX2weiTkry7jA4ZwSuXGhs5eJBEjY8vVxR4pfRx,BTpvbpTArnekGgbXRqjfSvp7gENtHXvZCAwuUKQNYMeN,EPjFWdd5AufqSSqeM2qN1xzybapC8G4wEGGkZwyTDt1v,DdBTJuiAXQQ7gLVXBXNPbVEG8g1avRxiJXhH5LhBytYW
